{
    "providers": [
    {
        "type": "space",
        "advances": {
            "\uE999": -1
        }
    },
	
	
	
	
	
	
	{ "type": "bitmap",
            "file": "minecraft:lang_symbols/menu_modlist/test_desc01.png",
            "ascent": 12, "height": 192,
            "chars": ["\uE001"]
        
		},
	{ "type": "bitmap",
            "file": "minecraft:lang_symbols/menu_modlist/test_desc02.png",
            "ascent": 12, "height": 192,
            "chars": ["\uE002"]
		}
	
    ]
}
